{"cameraMode":{"drawMode":0,"name":"Shaded","section":"Shading Mode"},"sceneLighting":false,"audioPlay":false,"sceneViewState":{"showFog":true,"showMaterialUpdate":false,"showSkybox":true,"showFlares":true,"showImageEffects":true,"showParticleSystems":true},"in2DMode":false,"pivot":{"x":12.904688835144043,"y":-0.5551440715789795,"z":-15.830005645751954},"rotation":{"x":-0.004591918550431728,"y":-0.9858900904655457,"z":0.027426067739725114,"w":-0.16506828367710114},"size":39.6271858215332,"orthographic":false}